[{"pk": 2, "model": "licencias.archivorespuesta", "fields": {"nombre": "prueba", "fecha": "2014-12-11T20:43:05.314Z", "ruta": "default/Datos_CGTS_Services_1.pdf"}}, {"pk": 3, "model": "licencias.archivorespuesta", "fields": {"nombre": "prueba", "fecha": "2014-12-11T20:43:05.314Z", "ruta": "default/django-forms.pdf"}}, {"pk": 4, "model": "licencias.archivorespuesta", "fields": {"nombre": "prueba", "fecha": "2014-12-11T20:43:05.314Z", "ruta": "default/DatosComunesIPT.png"}}, {"pk": 5, "model": "licencias.archivorespuesta", "fields": {"nombre": "prueba", "fecha": "2014-12-11T20:43:05.314Z", "ruta": "default/Entity_Relationship_IPTLOGICO-v2.jpg"}}, {"pk": 6, "model": "licencias.archivorespuesta", "fields": {"nombre": "prueba", "fecha": "2014-12-11T20:43:05.314Z", "ruta": "default/Entity_Relationship_Diagram1.jpg"}}, {"pk": 7, "model": "licencias.archivorespuesta", "fields": {"nombre": "Archivos modificados llamadas salientes.txt", "fecha": "2014-12-11T20:43:05.314Z", "ruta": "default/Archivos_modificados_llamadas_salientes.txt"}}, {"pk": 8, "model": "licencias.archivorespuesta", "fields": {"nombre": "1.jpg", "fecha": "2014-12-11T20:43:05.314Z", "ruta": "default/1.jpg"}}, {"pk": 9, "model": "licencias.archivorespuesta", "fields": {"nombre": "Datos CGTS Services.pdf", "fecha": "2014-12-11T22:46:43.832Z", "ruta": "default/Datos_CGTS_Services_2.pdf"}}, {"pk": 10, "model": "licencias.archivorespuesta", "fields": {"nombre": "Datos CGTS Services.pdf", "fecha": "2014-12-11T23:00:34.031Z", "ruta": "default/Datos_CGTS_Services_3.pdf"}}, {"pk": 11, "model": "licencias.archivorespuesta", "fields": {"nombre": "Datos CGTS Services.pdf", "fecha": "2014-12-11T23:04:07.715Z", "ruta": "default/Datos_CGTS_Services_4.pdf"}}, {"pk": 12, "model": "licencias.archivorespuesta", "fields": {"nombre": "Entity Relationship IPT(LOGICO-v2).jpg", "fecha": "2014-12-11T23:12:29.086Z", "ruta": "default/Entity_Relationship_IPTLOGICO-v2_1.jpg"}}, {"pk": 13, "model": "licencias.archivorespuesta", "fields": {"nombre": "Entity Relationship IPT(LOGICO-v2).jpg", "fecha": "2014-12-11T23:38:22.043Z", "ruta": "default/Entity_Relationship_IPTLOGICO-v2_2.jpg"}}, {"pk": 14, "model": "licencias.archivorespuesta", "fields": {"nombre": "Datos CGTS Services.pdf", "fecha": "2014-12-12T15:07:00.209Z", "ruta": "default/Datos_CGTS_Services_5.pdf"}}, {"pk": 15, "model": "licencias.archivorespuesta", "fields": {"nombre": "Datos CGTS Services.pdf", "fecha": "2014-12-12T15:33:30.863Z", "ruta": "default/Datos_CGTS_Services_6.pdf"}}, {"pk": 1, "model": "licencias.estatussolicitud", "fields": {"descripcion": "A la espera de certificaci\u00f3n de documentos", "nombre": "Por certificar", "codigo": "EST_POR_CERTIFICAR", "clase": "label-warning"}}, {"pk": 2, "model": "licencias.estatussolicitud", "fields": {"descripcion": "Solicitud rechazada ", "nombre": "Rechazada", "codigo": "EST_RECHA_ANALIS", "clase": "label-warning"}}, {"pk": 3, "model": "licencias.estatussolicitud", "fields": {"descripcion": "La Solicitud presenta observaciones", "nombre": "Observaciones", "codigo": "EST_OBSER_ANALIS", "clase": "label-warning"}}, {"pk": 4, "model": "licencias.estatussolicitud", "fields": {"descripcion": "A la espera de pre-aprobaci\u00f3n por Director RTN", "nombre": "Por Pre-Aprobacion Nivel 1", "codigo": "EST_PREAPROB_D", "clase": "label-warning"}}, {"pk": 5, "model": "licencias.estatussolicitud", "fields": {"descripcion": "Solicitud Rechazada", "nombre": "Rechazada", "codigo": "EST_RECHA_DIRECTOR", "clase": "label-warning"}}, {"pk": 6, "model": "licencias.estatussolicitud", "fields": {"descripcion": "La Solicitud presenta observaciones", "nombre": "Observaciones", "codigo": "EST_OBSER_DIRECTOR", "clase": "label-warning"}}, {"pk": 7, "model": "licencias.estatussolicitud", "fields": {"descripcion": "La Solicitud presenta observaciones", "nombre": "Observaciones", "codigo": "EST_OBSER_VICEM", "clase": "label-warning"}}, {"pk": 8, "model": "licencias.estatussolicitud", "fields": {"descripcion": "La Solicitud presenta observaciones", "nombre": "Observaciones", "codigo": "EST_OBSER_MINIST", "clase": "label-warning"}}, {"pk": 9, "model": "licencias.estatussolicitud", "fields": {"descripcion": "Solicitud rechazada ", "nombre": "Rechazada", "codigo": "EST_RECHA_VICE", "clase": "label-warning"}}, {"pk": 10, "model": "licencias.estatussolicitud", "fields": {"descripcion": "Solicitud Rechazada", "nombre": "Rechazada", "codigo": "EST_RECHA_MINIST", "clase": "label-warning"}}, {"pk": 11, "model": "licencias.estatussolicitud", "fields": {"descripcion": "A la espera de pre-aprobaci\u00f3n por parte del viceministro", "nombre": "Por Pre-Aprobacion Nivel 2", "codigo": "EST_PREAPROB_V", "clase": "label-warning"}}, {"pk": 12, "model": "licencias.estatussolicitud", "fields": {"descripcion": "A la espera de aprobaci\u00f3n por parte del ministro", "nombre": "Por Pre-Aprobacion Nivel 3", "codigo": "EST_PREAPROB_M", "clase": "label-warning"}}, {"pk": 14, "model": "licencias.estatussolicitud", "fields": {"descripcion": "Solicitud aprobada", "nombre": "Aprobada", "codigo": "EST_APROB", "clase": "label-warning"}}, {"pk": 1, "model": "licencias.valorposible", "fields": {"codigo": "L_R_GEN_CHEQUE", "valor": "Cheque"}}, {"pk": 2, "model": "licencias.valorposible", "fields": {"codigo": "L_R_GEN_TDC", "valor": "Tarjeta de credito"}}, {"pk": 3, "model": "licencias.valorposible", "fields": {"codigo": "L_R_GEN_TDD", "valor": "Tarjeta de debito"}}, {"pk": 4, "model": "licencias.valorposible", "fields": {"codigo": "L_R_GEN_EFECT", "valor": "Efectivo"}}, {"pk": 5, "model": "licencias.valorposible", "fields": {"codigo": "L_R_GEN_OTRO", "valor": "Otros"}}, {"pk": 6, "model": "licencias.valorposible", "fields": {"codigo": "L_R_RSERYVEN_BOLE_AER", "valor": "Reservacion y venta de boletos aereos nacionales e internacionales"}}, {"pk": 7, "model": "licencias.valorposible", "fields": {"codigo": "L_R_RSERYCOMER_ALQVEHICULO", "valor": "Reservacion y comercializacion de servicios de alquiler de vehiculos"}}, {"pk": 8, "model": "licencias.valorposible", "fields": {"codigo": "L_R_RSERYCOMER_SER_ALOJA", "valor": "Reservaci\u00f3n y comercializaci\u00f3n de servicios de establecimientos de alojamiento turistico"}}, {"pk": 9, "model": "licencias.valorposible", "fields": {"codigo": "L_R_TRAMI_DOCUMEN_VIAJ_Y_TURIS", "valor": "Tramitacion de documentos derivados de la actividad de viajes y turismo"}}, {"pk": 10, "model": "licencias.valorposible", "fields": {"codigo": "L_R_RSERYCOMER_SER_ESTABLE_ALIMENT", "valor": "Reservacion y comercializacion de servicios en establecimientos referidos a alimentos, bebidas y similares"}}, {"pk": 11, "model": "licencias.valorposible", "fields": {"codigo": "L_R_TRAMI_POLIZA_SEGU_VIAJYTURIS", "valor": "Tramitacion de polizas de seguro contra riesgos derivados de la actividad de viajes y turismo"}}, {"pk": 12, "model": "licencias.valorposible", "fields": {"codigo": "L_R_PROTEC_Y_AUX_TURISTICO", "valor": "Proteccion y auxilio al turista o usuario turistico, durante la realizacion del paquete, circuito, excursion o ruta turistica"}}, {"pk": 13, "model": "licencias.valorposible", "fields": {"codigo": "L_R_RSERYCOMER_SER_RECREAYESPARCIMIENTO", "valor": "Reservaci\u00f3n y comercializaci\u00f3n de servicios recreativos y de esparcimientos"}}, {"pk": 14, "model": "licencias.valorposible", "fields": {"codigo": "L_R_FACILI_DIVISAS_EXTRANJERAS", "valor": "Facilitacion de divisas extranjeras a traves de las instituciones legalmente autorizadas"}}, {"pk": 15, "model": "licencias.valorposible", "fields": {"codigo": "L_R_RSERYVEN_PAQUET_TURISTICO", "valor": "Reservaci\u00f3n y venta de paquetes tur\u00edsticos"}}, {"pk": 16, "model": "licencias.valorposible", "fields": {"codigo": "L_R_OPERA_TURISTI_RECEPTIVO", "valor": "Operador tur\u00edstico receptivo"}}, {"pk": 17, "model": "licencias.valorposible", "fields": {"codigo": "L_R_ORGANIZA_EVENTOS_CONVENCIO", "valor": "Organizacion de eventos y convenciones"}}, {"pk": 18, "model": "licencias.valorposible", "fields": {"codigo": "L_R_ORGANIZA_OPERAC_PAQUET_TURISTICO", "valor": "Organizacion y operacionalizacion de paquetes turisticos"}}, {"pk": 19, "model": "licencias.valorposible", "fields": {"codigo": "L_R_REPRE_NAOINTER_EMPRE_TURISTICA", "valor": "Representacion nacional y/o internacional de empresas turisticas"}}, {"pk": 20, "model": "licencias.valorposible", "fields": {"codigo": "L_R_REPRE_OPERA_TURIS_INTERN", "valor": "Representaci\u00f3n de operador(as) tur\u00edstico(as) internacional(es)"}}, {"pk": 21, "model": "licencias.valorposible", "fields": {"codigo": "L_R_PROM_TURIS_RTN_Y_VT", "valor": "Promoci\u00f3n tur\u00edstica con RTN y VT de la Agencia de Turismo,"}}, {"pk": 22, "model": "licencias.valorposible", "fields": {"codigo": "L_R_PRODUCT_PAQUET_AGENC_TURISMO", "valor": "Productos, paquetes o programas elaborados por esta agencia de turismo, notificados al MINTUR"}}, {"pk": 23, "model": "licencias.valorposible", "fields": {"codigo": "L_R_RECEP_ASISTE_CONDUCCIO_TURISTA", "valor": "Recepcion, asistencia y conduccion del turista o usuario turistico a trav\u00e9s de gu\u00edas o personal calificado, certificado o acreditado para la actividad a desarrollar"}}, {"pk": 24, "model": "licencias.valorposible", "fields": {"codigo": "L_R_MECANIS_MEDICIO_SATISFAC_CLIENT", "valor": "Mecanismos para la medicion de la sastisfaccion del cliente "}}, {"pk": 25, "model": "licencias.valorposible", "fields": {"codigo": "L_R_PAQUET_TURISTI_DISCAPA", "valor": "Paquetes turisticos para personas con discapacidad"}}, {"pk": 26, "model": "licencias.valorposible", "fields": {"codigo": "L_R_PERSONAL_ATENC_DISCAP", "valor": "Personal especializado para la atencion de personas con discapacidad"}}, {"pk": 27, "model": "licencias.valorposible", "fields": {"codigo": "L_R_INFO_TURIS_BRAILLE", "valor": " Informaci\u00f3n tur\u00edstica en Braille"}}, {"pk": 28, "model": "licencias.valorposible", "fields": {"codigo": "L_R_ADMIN", "valor": "Admiten perros gu\u00eda de personas con discapacidad visual"}}, {"pk": 29, "model": "licencias.valorposible", "fields": {"codigo": "L_R_ADMIT_PERROS_GUIA_DISCAP", "valor": "Admiten perros gu\u00eda de personas con discapacidad visual"}}, {"pk": 30, "model": "licencias.valorposible", "fields": {"codigo": "L_R_CORREDOR_RAMPA_DISCAP", "valor": " Corredor accesible/rampa"}}, {"pk": 31, "model": "licencias.valorposible", "fields": {"codigo": "L_R_ASCENS_ACCESI_ESTAC_DISCP", "valor": "Ascensor accesible desde estacionamiento hasta el establecimiento"}}, {"pk": 32, "model": "licencias.valorposible", "fields": {"codigo": "L_GEN_EST_RECP", "valor": "I/O Salida del Establecimiento Recepcion"}}, {"pk": 33, "model": "licencias.valorposible", "fields": {"codigo": "L_GEN_EST_OTRO", "valor": "I/O Salida del Establecimiento Otro"}}, {"pk": 34, "model": "licencias.valorposible", "fields": {"codigo": "L_GEN_MOD_MULP_SI", "valor": "Si modalidad multipropiedad "}}, {"pk": 35, "model": "licencias.valorposible", "fields": {"codigo": "L_GEN_MOD_MULP_NO", "valor": "NO modalidad multipropiedad"}}, {"pk": 36, "model": "licencias.valorposible", "fields": {"codigo": "L_GEN_TAR_DIA", "valor": "Tipo de tarifa Diaria"}}, {"pk": 37, "model": "licencias.valorposible", "fields": {"codigo": "L_GEN_TAR_PROL", "valor": "Tipo de tarifa Estancia prolongada"}}, {"pk": 38, "model": "licencias.valorposible", "fields": {"codigo": "L_GEN_TAR_TEMP", "valor": "Tipo de tarifa Por temporada"}}, {"pk": 39, "model": "licencias.valorposible", "fields": {"codigo": "L_GEN_ESTA_SI", "valor": "SI Posee estacionamiento"}}, {"pk": 40, "model": "licencias.valorposible", "fields": {"codigo": "L_GEN_ESTA_NO", "valor": "NO Posee estacionamiento"}}, {"pk": 41, "model": "licencias.valorposible", "fields": {"codigo": "L_GEN_ESTA_CON_UHAB_SI", "valor": "SI Posee estacionamiento Contiguo a la unidad habitacional"}}, {"pk": 42, "model": "licencias.valorposible", "fields": {"codigo": "L_GEN_ESTA_CON_UHAB_NO", "valor": "NO Posee estacionamiento Contiguo a la unidad habitacional"}}, {"pk": 43, "model": "licencias.valorposible", "fields": {"codigo": "L_GEN_ESTA_CERR_SI", "valor": "SI Posee estacionamiento Con cerramiento"}}, {"pk": 44, "model": "licencias.valorposible", "fields": {"codigo": "L_GEN_ESTA_CERR_NO", "valor": "NO Posee estacionamiento Con cerramiento"}}, {"pk": 45, "model": "licencias.valorposible", "fields": {"codigo": "L_GEN_ESTA_VIST_SI", "valor": "SI Posee estacionamiento A la vista"}}, {"pk": 46, "model": "licencias.valorposible", "fields": {"codigo": "L_GEN_ESTA_VIST_NO", "valor": "NO Posee estacionamiento A la vista"}}, {"pk": 47, "model": "licencias.valorposible", "fields": {"codigo": "L_GEN_ACC_UH_PAS_SI", "valor": "SI Acceso a la unidad habitacional Desde el pasillo del piso"}}, {"pk": 48, "model": "licencias.valorposible", "fields": {"codigo": "L_GEN_ACC_UH_PAS_NO", "valor": "NO Acceso a la unidad habitacional Desde el pasillo del piso"}}, {"pk": 49, "model": "licencias.valorposible", "fields": {"codigo": "L_GEN_ACC_UH_ESTA_SI", "valor": "SI Acceso a la unidad habitacional Desde el estacionamiento"}}, {"pk": 50, "model": "licencias.valorposible", "fields": {"codigo": "L_GEN_ACC_UH_ESTA_NO", "valor": "NO Acceso a la unidad habitacional Desde el estacionamiento"}}, {"pk": 51, "model": "licencias.valorposible", "fields": {"codigo": "L_GEN_SERV_ALO_PER", "valor": "Servicios de alojamiento Permanente"}}, {"pk": 52, "model": "licencias.valorposible", "fields": {"codigo": "L_GEN_SERV_ALO_PERIO", "valor": "Servicios de alojamiento Peri\u00f3dico"}}, {"pk": 53, "model": "licencias.valorposible", "fields": {"codigo": "L_GEN_SERV_ALI_BEB_SI", "valor": "SI Servicio de alimentos y bebidas"}}, {"pk": 54, "model": "licencias.valorposible", "fields": {"codigo": "L_GEN_SERV_ALI_BEB_NO", "valor": "NO Servicio de alimentos y bebidas"}}, {"pk": 1, "model": "licencias.tiporespuesta", "fields": {"nombre": "Respuesta definida", "codigo": "RES_DEFINIDA"}}, {"pk": 2, "model": "licencias.tiporespuesta", "fields": {"nombre": "Respuesta indefinida", "codigo": "RES_INDEFINIDA"}}, {"pk": 3, "model": "licencias.pregunta", "fields": {"valoresPosibles": [1], "item": "Servicios ofrecidos", "codigo": "L_GEN_SER_OFR", "tipo_respuestaid": 2}}, {"pk": 4, "model": "licencias.pregunta", "fields": {"valoresPosibles": [1, 2, 3, 4, 5], "item": "Forma de Pago", "codigo": "L_GEN_FOR_PAG", "tipo_respuestaid": 1}}, {"pk": 5, "model": "licencias.pregunta", "fields": {"valoresPosibles": [], "item": "Servicios para Personas con Discapacidad", "codigo": "L_GEN_SER_OFR_DISC", "tipo_respuestaid": 2}}, {"pk": 6, "model": "licencias.pregunta", "fields": {"valoresPosibles": [], "item": "Caracter\u00edsticas F\u00edsica", "codigo": "L_GEN_CAR_FIS", "tipo_respuestaid": 2}}, {"pk": 7, "model": "licencias.pregunta", "fields": {"valoresPosibles": [], "item": "Observaciones Generales", "codigo": "L_GEN_OBS_GEN", "tipo_respuestaid": 2}}, {"pk": 8, "model": "licencias.pregunta", "fields": {"valoresPosibles": [], "item": "Datos de los empleados", "codigo": "L_DAT_EMP", "tipo_respuestaid": 2}}, {"pk": 9, "model": "licencias.pregunta", "fields": {"valoresPosibles": [], "item": "Patente de Industria y Comercio", "codigo": "L_PAT_IND_COM", "tipo_respuestaid": 2}}, {"pk": 10, "model": "licencias.pregunta", "fields": {"valoresPosibles": [], "item": "Constancia de exoneraci\u00f3n de la Patente", "codigo": "L_CON_EXO_PAT", "tipo_respuestaid": 2}}, {"pk": 11, "model": "licencias.pregunta", "fields": {"valoresPosibles": [], "item": "P\u00f3liza de Responsabilidad Civil", "codigo": "L_GEN_POL_CIV", "tipo_respuestaid": 2}}, {"pk": 12, "model": "licencias.pregunta", "fields": {"valoresPosibles": [], "item": "Permiso ABRAE", "codigo": "L_GEN_PER_ABRAE", "tipo_respuestaid": 2}}, {"pk": 13, "model": "licencias.pregunta", "fields": {"valoresPosibles": [], "item": "Calificaci\u00f3n de Empresas (SIEX)", "codigo": "L_GEN_CAL_EMP", "tipo_respuestaid": 2}}, {"pk": 14, "model": "licencias.pregunta", "fields": {"valoresPosibles": [], "item": "Capital Social o Firma Personal", "codigo": "L_CAP_SOC", "tipo_respuestaid": 2}}, {"pk": 15, "model": "licencias.pregunta", "fields": {"valoresPosibles": [], "item": "Documento Constitutivo", "codigo": "L_DOC_CONS", "tipo_respuestaid": 2}}, {"pk": 16, "model": "licencias.pregunta", "fields": {"valoresPosibles": [], "item": "Actas de Asamblea", "codigo": "L_ACT_ASAM", "tipo_respuestaid": 2}}, {"pk": 17, "model": "licencias.pregunta", "fields": {"valoresPosibles": [], "item": "Permiso de empleados que manipulan alimentos y bebidas", "codigo": "L_GEN_EMP_MAN_ALI", "tipo_respuestaid": 2}}, {"pk": 18, "model": "licencias.pregunta", "fields": {"valoresPosibles": [], "item": "Empleados que presten primeros auxilios", "codigo": "L_EMP_PRI_AUX", "tipo_respuestaid": 2}}, {"pk": 19, "model": "licencias.pregunta", "fields": {"valoresPosibles": [], "item": "Documento de Propiedad", "codigo": "L_GEN_DOC_PRO", "tipo_respuestaid": 2}}, {"pk": 20, "model": "licencias.pregunta", "fields": {"valoresPosibles": [], "item": "Permiso de funcionamiento vigente", "codigo": "L_PER_FUN_VIG", "tipo_respuestaid": 2}}, {"pk": 21, "model": "licencias.pregunta", "fields": {"valoresPosibles": [], "item": "Descripci\u00f3n de rutas de operaci\u00f3n tur\u00edstica", "codigo": "L_DES_RU_OP_TUR", "tipo_respuestaid": 2}}, {"pk": 22, "model": "licencias.pregunta", "fields": {"valoresPosibles": [], "item": "Relaci\u00f3n de las unidades de Tans. Turis terrestre", "codigo": "L_REL_UNI_TRANS_TUR_TERR", "tipo_respuestaid": 2}}, {"pk": 23, "model": "licencias.pregunta", "fields": {"valoresPosibles": [], "item": "Relaci\u00f3n de las unidades de Tans. Turis Acuatico", "codigo": "L_REL_UNI_TRANS_TUR_ACUA", "tipo_respuestaid": 2}}, {"pk": 24, "model": "licencias.pregunta", "fields": {"valoresPosibles": [], "item": "Caracter\u00edsticas Planta F\u00edsica", "codigo": "L_CAR_PLAN_FI", "tipo_respuestaid": 2}}, {"pk": 25, "model": "licencias.pregunta", "fields": {"valoresPosibles": [32, 33], "item": "Caracter\u00edsticas Entrada y salida al establecimiento", "codigo": "L_CAR_IO_EST", "tipo_respuestaid": 1}}, {"pk": 26, "model": "licencias.pregunta", "fields": {"valoresPosibles": [], "item": "Unidad habitacional Tipo Habitaciones ", "codigo": "L_GEN_UHT_HAB", "tipo_respuestaid": 2}}, {"pk": 27, "model": "licencias.pregunta", "fields": {"valoresPosibles": [], "item": "Unidad habitacional Tipo Caba\u00f1as", "codigo": "L_GEN_UHT_CAB", "tipo_respuestaid": 2}}, {"pk": 28, "model": "licencias.pregunta", "fields": {"valoresPosibles": [], "item": "Unidad habitacional Tipo Apartamentos", "codigo": "L_GEN_UHT_APTO", "tipo_respuestaid": 2}}, {"pk": 29, "model": "licencias.pregunta", "fields": {"valoresPosibles": [34, 35], "item": "modalidad multipropiedad y/o tiempo compartido", "codigo": "L_GEN_MULTI_PRO", "tipo_respuestaid": 1}}, {"pk": 30, "model": "licencias.pregunta", "fields": {"valoresPosibles": [], "item": "Habitaciones multipropiedad ", "codigo": "L_GEN_HAB_MULTI_PRO", "tipo_respuestaid": 2}}, {"pk": 31, "model": "licencias.pregunta", "fields": {"valoresPosibles": [], "item": "Caba\u00f1as multipropiedad", "codigo": "L_GEN_CAB_MULTI_PRO", "tipo_respuestaid": 2}}, {"pk": 32, "model": "licencias.pregunta", "fields": {"valoresPosibles": [], "item": "Apartamentos multipropiedad", "codigo": "L_GEN_APTO_MULTI_PRO", "tipo_respuestaid": 2}}, {"pk": 33, "model": "licencias.pregunta", "fields": {"valoresPosibles": [36, 37, 38], "item": "Tipo de tarifa", "codigo": "L_GEN_TIP_TAR", "tipo_respuestaid": 1}}, {"pk": 34, "model": "licencias.pregunta", "fields": {"valoresPosibles": [39, 40], "item": "Posee estacionamiento", "codigo": "L_GEN_POS_ESTA", "tipo_respuestaid": 1}}, {"pk": 35, "model": "licencias.pregunta", "fields": {"valoresPosibles": [41, 42], "item": "Posee estacionamiento Contiguo a la unidad habitacional", "codigo": "L_GEN_ESTA_CONT_UHAB", "tipo_respuestaid": 1}}, {"pk": 36, "model": "licencias.pregunta", "fields": {"valoresPosibles": [43, 44], "item": "Posee estacionamiento Con cerramiento", "codigo": "L_GEN_ESTA_CERR", "tipo_respuestaid": 1}}, {"pk": 37, "model": "licencias.pregunta", "fields": {"valoresPosibles": [45, 46], "item": "Posee estacionamiento A la vista", "codigo": "L_GEN_ESTA_VIST", "tipo_respuestaid": 1}}, {"pk": 38, "model": "licencias.pregunta", "fields": {"valoresPosibles": [], "item": "Cantidad de puestos estacionamientos", "codigo": "L_GEN_CANT_PESTA", "tipo_respuestaid": 2}}, {"pk": 39, "model": "licencias.pregunta", "fields": {"valoresPosibles": [47, 48], "item": "Acceso a la unidad habitacional Desde el pasillo del piso", "codigo": "L_GEN_ACC_UH_PAS", "tipo_respuestaid": 1}}, {"pk": 40, "model": "licencias.pregunta", "fields": {"valoresPosibles": [49, 50], "item": "Acceso a la unidad habitacional Desde el estacionamiento", "codigo": "L_GEN_ACC_UH_ESTA", "tipo_respuestaid": 1}}, {"pk": 41, "model": "licencias.pregunta", "fields": {"valoresPosibles": [51, 52], "item": "Servicios de alojamiento", "codigo": "L_GEN_SERV_ALO", "tipo_respuestaid": 1}}, {"pk": 42, "model": "licencias.pregunta", "fields": {"valoresPosibles": [53, 54], "item": "Servicio de alimentos y bebidas", "codigo": "L_GEN_SERV_ALI_BEB", "tipo_respuestaid": 1}}, {"pk": 43, "model": "licencias.pregunta", "fields": {"valoresPosibles": [], "item": "Servicios complementarios ", "codigo": "L_GEN_SERV_COMPLE", "tipo_respuestaid": 2}}, {"pk": 1, "model": "licencias.formulario", "fields": {"preguntas": [], "nombre": "Formulario de prueba", "fecha_creacion": "2014-05-23T20:13:26.454Z", "codigo": "FORM_1", "tipo": 1}}, {"pk": 2, "model": "licencias.formulario", "fields": {"preguntas": [3, 4, 5, 6, 7, 8, 9, 10, 11, 12, 13, 14, 15, 16], "nombre": "Agencia de turismo", "fecha_creacion": "2014-12-12T15:59:25Z", "codigo": "FORM_AGT", "tipo": 1}}, {"pk": 1, "model": "licencias.recaudo", "fields": {"nombre": "Copia fotost\u00e1tica legible de la respectiva Constancia de Calificaci\u00f3n de Empresa, emitida por la Superintendencia de Inversiones Extranjeras (SIEX), si el solicitante est\u00e1 constituido como persona jur\u00eddica, cuyo capital social est\u00e9 suscrito por alguna persona natural o jur\u00eddica calificada como extranjera por dicha Superintendencia", "codigo": "GENE_REQ_1", "sucursal": false, "requerido": true}}, {"pk": 2, "model": "licencias.recaudo", "fields": {"nombre": "Copia fotost\u00e1tica legible de la P\u00f3liza de Responsabilidad Civil, que garantiza la cobertura de da\u00f1os a terceros, emitida por una empresa de seguros inscrita por ante la Superintendencia de la Actividad Aseguradora, cuyo beneficiario sea el solicitante de la Licencia, seg\u00fan el tipo de solicitud, adjuntando a la p\u00f3liza emitida las condiciones generales y particulares de la misma", "codigo": "GENE_REQ_2", "sucursal": false, "requerido": true}}, {"pk": 3, "model": "licencias.recaudo", "fields": {"nombre": "autorizaci\u00f3n para el uso tur\u00edstico de que se trate, emitida por el Instituto de Patrimonio Cultural adscrito al Ministerio del Poder Popular para la Cultura o del \u00f3rgano o ente que sea competente(Cuando el servicio tur\u00edstico afecte un bien de valor patrimonial hist\u00f3rico, cultural, arquitect\u00f3nico u otro de car\u00e1cter internacional, nacional, estadal o municipal)", "codigo": "GENE_REQ_3", "sucursal": false, "requerido": true}}, {"pk": 4, "model": "licencias.recaudo", "fields": {"nombre": "Copia fotost\u00e1tica del permiso para el expendio de bebidas alcoh\u00f3licas, en caso de que el solicitante sea persona jur\u00eddica y, como empresa prestadora de servicios tur\u00edsticos expenda bebidas alcoh\u00f3licas", "codigo": "GENE_REQ_4", "sucursal": false, "requerido": true}}, {"pk": 5, "model": "licencias.recaudo", "fields": {"nombre": "Copia fotost\u00e1tica legible de las tarifas de los servicios tur\u00edsticos ofrecidos, expresadas en el idioma castellano y en moneda de curso legal", "codigo": "GENE_REQ_5", "sucursal": false, "requerido": true}}, {"pk": 6, "model": "licencias.recaudo", "fields": {"nombre": "Fotocopia legible de la Patente de Industria y Comercio", "codigo": "AGEN_TUR_REQ_1", "sucursal": false, "requerido": true}}, {"pk": 7, "model": "licencias.recaudo", "fields": {"nombre": "fotocopia legible del permiso o contrato de concesi\u00f3n correspondiente, emitida por la autoridad competente (2.\tSi el establecimiento se encuentra ubicado en un \u00c1rea Bajo R\u00e9gimen de Administraci\u00f3n Especial (ABRAE))", "codigo": "AGEN_TUR_REQ_2", "sucursal": false, "requerido": true}}, {"pk": 8, "model": "licencias.recaudo", "fields": {"nombre": "Formulario de la Relaci\u00f3n de Personal de la Agencia de Turismo establecido por el Ministerio del Poder Popular para el Turismo", "codigo": "AGEN_TUR_REQ_3", "sucursal": false, "requerido": true}}, {"pk": 9, "model": "licencias.recaudo", "fields": {"nombre": "Contar con el capital Social de la empresa totalmente suscrito y pagado no menor al equivalente de 2.000 U.T.", "codigo": "AGEN_TUR_REQ_4", "sucursal": false, "requerido": true}}, {"pk": 10, "model": "licencias.recaudo", "fields": {"nombre": "Deber\u00e1 constar que el gerente o encargado de la Agencia est\u00e9 acreditado en el pa\u00eds como Licenciado en Turismo, T\u00e9cnico Superior en Turismo o que posee la credencial de Agente de Turismo otorgada por el Ministerio del Poder Popular para el Turismo", "codigo": "AGEN_TUR_REQ_SUCUR_1", "sucursal": true, "requerido": true}}, {"pk": 11, "model": "licencias.recaudo", "fields": {"nombre": "Acta de la asamblea debidamente publicada, en la cual conste la apertura de la sucursal y el aumento de mil Unidades Tributarias (1.000 UT) del Capital Social del Fondo de Comercio por cada sucursal", "codigo": "AGEN_TUR_REQ_SUCUR_2", "sucursal": true, "requerido": true}}, {"pk": 12, "model": "licencias.recaudo", "fields": {"nombre": "Constancia de Solicitud de la Patente de Industria y Comercio de la sucursal", "codigo": "AGEN_TUR_REQ_SUCUR_3", "sucursal": true, "requerido": true}}, {"pk": 13, "model": "licencias.recaudo", "fields": {"nombre": "Copia fotost\u00e1tica legible del contrato de Administraci\u00f3n suscrito con el Prestador de Turismo, y del contrato correspondiente con la persona propietaria del establecimiento donde se prestar\u00e1n los servicios, cuando sea aplicable", "codigo": "ADM_EMPR_TUR_REQ_1", "sucursal": false, "requerido": true}}, {"pk": 3, "model": "licencias.solicitudlicencia", "fields": {"result_inspeccion": false, "fecha_fin": null, "sucursal": null, "tipo_licenciaid": 12, "estatus_solicitudid": 1, "fecha_inicio": "2014-11-28T19:00:18Z", "tipo_solicitudid": 1, "edicion": false, "usuario_pst_id": 1, "analista_asignado": 9}}, {"pk": 4, "model": "licencias.solicitudlicencia", "fields": {"result_inspeccion": false, "fecha_fin": null, "sucursal": null, "tipo_licenciaid": 11, "estatus_solicitudid": 1, "fecha_inicio": "2014-11-28T19:13:26Z", "tipo_solicitudid": 1, "edicion": false, "usuario_pst_id": 1, "analista_asignado": 9}}, {"pk": 5, "model": "licencias.solicitudlicencia", "fields": {"result_inspeccion": false, "fecha_fin": null, "sucursal": null, "tipo_licenciaid": 10, "estatus_solicitudid": 1, "fecha_inicio": "2014-11-28T20:04:50Z", "tipo_solicitudid": 1, "edicion": false, "usuario_pst_id": 1, "analista_asignado": null}}, {"pk": 1, "model": "licencias.tipolicencia", "fields": {"padre": null, "url": null, "formulario_id": 1, "nombre": "Establecimiento de Alojamiento Tur\u00edstico", "recaudos": [], "codigo": "LIC_ALO_T"}}, {"pk": 2, "model": "licencias.tipolicencia", "fields": {"padre": null, "url": "licencias/aet/aet_solicitud.html", "formulario_id": 1, "nombre": "Administradora de Empresas Tur\u00edsticas", "recaudos": [1, 2, 3, 4, 5, 13], "codigo": "LIC_ADM_EMPR_T"}}, {"pk": 3, "model": "licencias.tipolicencia", "fields": {"padre": null, "url": null, "formulario_id": 1, "nombre": "Establecimientos Tur\u00edsticos de Alimentos y Bebidas", "recaudos": [], "codigo": "LIC_ALIM_BEBI"}}, {"pk": 4, "model": "licencias.tipolicencia", "fields": {"padre": null, "url": null, "formulario_id": 1, "nombre": "Transporte Tur\u00edstico", "recaudos": [], "codigo": "LIC_TRANS_T"}}, {"pk": 5, "model": "licencias.tipolicencia", "fields": {"padre": null, "url": "licencias/est/est_solicitud.html", "formulario_id": 1, "nombre": "Representante de Empresas de Servicios Tur\u00edsticos", "recaudos": [], "codigo": "LIC_REPRE_EM_SERV_T"}}, {"pk": 6, "model": "licencias.tipolicencia", "fields": {"padre": null, "url": "licencias/ert/ert.html", "formulario_id": 1, "nombre": "Establecimiento Tur\u00edstico de Recreaci\u00f3n", "recaudos": [], "codigo": "LIC_ESTA_T_RECRE"}}, {"pk": 7, "model": "licencias.tipolicencia", "fields": {"padre": null, "url": "licencias/eta/eta_solicitud.html", "formulario_id": 1, "nombre": "Empresas de Turismo Activo", "recaudos": [], "codigo": "LIC_EMPR_T_ACTIVO"}}, {"pk": 8, "model": "licencias.tipolicencia", "fields": {"padre": null, "url": null, "formulario_id": 1, "nombre": "Servicios Complementarios que apoyan al Turismo", "recaudos": [], "codigo": "LIC_SERV"}}, {"pk": 9, "model": "licencias.tipolicencia", "fields": {"padre": null, "url": "licencias/adt/adt_solicitud", "formulario_id": 2, "nombre": "Agencia de Turismo", "recaudos": [3, 4, 5], "codigo": "LIC_AGEN_T"}}, {"pk": 10, "model": "licencias.tipolicencia", "fields": {"padre": 1, "url": "licencias/eat/eat_solicitud_hotel_turismo.html", "formulario_id": 1, "nombre": "Hotel de Tur\u00edsmo", "recaudos": [1, 2, 3, 4, 5, 10], "codigo": "LIC_ALO_T_H_1"}}, {"pk": 11, "model": "licencias.tipolicencia", "fields": {"padre": 1, "url": "licencias/eat/eat_solicitud_hotel_turismo.html", "formulario_id": 1, "nombre": "Hotel-Residencia de Turismo", "recaudos": [1, 2, 3, 4, 5], "codigo": "LIC_ALO_T_H_2"}}, {"pk": 12, "model": "licencias.tipolicencia", "fields": {"padre": 1, "url": "licencias/eat/eat_solicitud_hotel_turismo.html", "formulario_id": 1, "nombre": "Motel de Turismo", "recaudos": [1, 2, 3, 4, 5], "codigo": "LIC_ALO_T_H_3"}}, {"pk": 13, "model": "licencias.tipolicencia", "fields": {"padre": 1, "url": "licencias/eat/eat_solicitud_estancia_turismo.html", "formulario_id": 1, "nombre": "Hospedaje o Pensi\u00f3n de Turista", "recaudos": [1, 2, 3, 4, 5], "codigo": "LIC_ALO_T_H_4"}}, {"pk": 14, "model": "licencias.tipolicencia", "fields": {"padre": 1, "url": "licencias/eat/eat_solicitud_estancia_turismo.html", "formulario_id": 1, "nombre": "Estancia de Turismo", "recaudos": [1, 2, 3, 4, 5], "codigo": "LIC_ALO_T_H_5"}}, {"pk": 15, "model": "licencias.tipolicencia", "fields": {"padre": 1, "url": "licencias/eat/eat_solicitud_estancia_turismo.html", "formulario_id": 1, "nombre": "Campamento de Turismo", "recaudos": [1, 2, 3, 4, 5], "codigo": "LIC_ALO_T_H_6"}}, {"pk": 16, "model": "licencias.tipolicencia", "fields": {"padre": 1, "url": "licencias/eat/eat_solicitud_estancia_turismo.html", "formulario_id": 1, "nombre": "Posada de Turismo", "recaudos": [1, 2, 3, 4, 5], "codigo": "LIC_ALO_T_H_7"}}, {"pk": 17, "model": "licencias.tipolicencia", "fields": {"padre": 1, "url": "licencias/eat/eat_solicitud_estancia_turismo.html", "formulario_id": 1, "nombre": "Hato", "recaudos": [1, 2, 3, 4, 5], "codigo": "LIC_ALO_T_H_8"}}, {"pk": 18, "model": "licencias.tipolicencia", "fields": {"padre": 1, "url": "licencias/eat/eat_solicitud_estancia_turismo.html", "formulario_id": 1, "nombre": "Finca", "recaudos": [1, 2, 3, 4, 5], "codigo": "LIC_ALO_T_H_9"}}, {"pk": 19, "model": "licencias.tipolicencia", "fields": {"padre": 1, "url": "licencias/eat/eat_solicitud_estancia_turismo.html", "formulario_id": 1, "nombre": "Hacienda de Turismo", "recaudos": [1, 2, 3, 4, 5], "codigo": "LIC_ALO_T_H_10"}}, {"pk": 20, "model": "licencias.tipolicencia", "fields": {"padre": 1, "url": "licencias/eat/eat_solicitud_albergue.html", "formulario_id": 1, "nombre": "Albergue Tur\u00edstico", "recaudos": [1, 2, 3, 4, 5], "codigo": "LIC_ALO_T_H_11"}}, {"pk": 21, "model": "licencias.tipolicencia", "fields": {"padre": 8, "url": "licencias/eipppt/eipppt_solicitud.html", "formulario_id": 1, "nombre": "Informaci\u00f3n, Publicidad y Propaganda Tur\u00edstica.", "recaudos": [1, 2, 3, 4, 5], "codigo": "LIC_SERV_INF"}}, {"pk": 22, "model": "licencias.tipolicencia", "fields": {"padre": 8, "url": "licencias/eipppt/eipppt_solicitud_indumentaria.html", "formulario_id": 1, "nombre": "Venta indumentaria y accesorios t\u00edpicos al clima.", "recaudos": [1, 2, 3, 4, 5], "codigo": "LIC_SERV_INDU"}}, {"pk": 23, "model": "licencias.tipolicencia", "fields": {"padre": 4, "url": "licencias/ttt/ttt_solicitud.html", "formulario_id": 1, "nombre": "Terrestre", "recaudos": [1, 2, 3, 4, 5], "codigo": "LIC_TRANS_T_TE"}}, {"pk": 24, "model": "licencias.tipolicencia", "fields": {"padre": 4, "url": "licencias/ttae/ttae_solicitud.html", "formulario_id": 1, "nombre": "A\u00e9reo", "recaudos": [1, 2, 3, 4, 5], "codigo": "LIC_TRANS_T_AE"}}, {"pk": 25, "model": "licencias.tipolicencia", "fields": {"padre": 4, "url": "licencias/ttac/ttac_solicitud.html", "formulario_id": 1, "nombre": "Acu\u00e1tico", "recaudos": [1, 2, 3, 4, 5], "codigo": "LIC_TRANS_T_AC"}}, {"pk": 26, "model": "licencias.tipolicencia", "fields": {"padre": 3, "url": "licencias/etab/etab_restaurantes_solicitud.html", "formulario_id": 1, "nombre": "Restaurante", "recaudos": [1, 2, 3, 4, 5], "codigo": "LIC_ALIM_BEBI_RES"}}, {"pk": 27, "model": "licencias.tipolicencia", "fields": {"padre": 3, "url": "licencias/etab/etab_cafeterias_solicitud.html", "formulario_id": 1, "nombre": "Cafeter\u00eda", "recaudos": [1, 2, 3, 4, 5], "codigo": "LIC_ALIM_BEBI_CAF"}}, {"pk": 28, "model": "licencias.tipolicencia", "fields": {"padre": 3, "url": "licencias/etab/etab_bares_solicitud.html", "formulario_id": 1, "nombre": "Bares", "recaudos": [1, 2, 3, 4, 5], "codigo": "LIC_ALIM_BEBI_BAR"}}, {"pk": 29, "model": "licencias.tipolicencia", "fields": {"padre": 3, "url": "licencias/etab/etab_itinerantes.html", "formulario_id": 1, "nombre": "Servicios Itinerantes", "recaudos": [1, 2, 3, 4, 5], "codigo": "LIC_ALIM_BEBI_SER_ITI"}}, {"pk": 1, "model": "licencias.tiposolicitud", "fields": {"descripcion": "Nueva", "codigo": "T_SOL_N"}}, {"pk": 2, "model": "licencias.tiposolicitud", "fields": {"descripcion": "Renovacion", "codigo": "T_SOL_R"}}]